"BROKEN","EPIC","FAILED","FEATURE","PASSED","SKIPPED","STORY","UNKNOWN"
"0","","0","Products Page","4","0","","0"
"0","","0","Search Product","7","0","","0"
"0","","0","Registration","1","0","","0"
"0","","0","Contact Form","2","0","","0"
"0","","0","Login / Logout","2","0","","0"
"0","","0","Cart","2","0","","0"
"0","","0","Home Page","2","0","","0"
"0","","0","Verify Login","1","0","","0"
"0","","0","Brands List","1","0","","0"
"0","","0","Products List","1","0","","0"
"0","","0","Checkout","2","0","","0"
"0","","0","Delete Account","1","0","","0"
"0","","0","Create Account","1","0","","0"
