"DESCRIPTION","DURATION IN MS","NAME","PARENT SUITE","START TIME","STATUS","STOP TIME","SUB SUITE","SUITE","TEST CLASS","TEST METHOD"
"","4502","Loads with non-empty product list","ui.tests","2026-10-02","passed","2026-10-02","TestProductsPage","test_products_ui","",""
"","104","Returns results for query: dress","api.tests","2026-10-02","passed","2026-10-02","TestSearchProduct","test_search","",""
"","4741","New user registers successfully","ui.tests","2026-10-02","passed","2026-10-02","TestRegistration","test_registration","",""
"","4469","Form is accessible from home page","ui.tests","2026-10-02","passed","2026-10-02","TestContactForm","test_contact_form","",""
"","4638","Logout redirects to login page","ui.tests","2026-10-02","passed","2026-10-02","TestLogin","test_login","",""
"","108","Returns results for query: shirt","api.tests","2026-10-02","passed","2026-10-02","TestSearchProduct","test_search","",""
"","3978","Search by valid query returns results","ui.tests","2026-10-02","passed","2026-10-02","TestProductsPage","test_products_ui","",""
"","123","Returns results for query: top","api.tests","2026-10-02","passed","2026-10-02","TestSearchProduct","test_search","",""
"","5353","Remove product leaves cart empty","ui.tests","2026-10-02","passed","2026-10-02","TestCart","test_cart_checkout","",""
"","4644","Add product to cart - appears in cart","ui.tests","2026-10-02","passed","2026-10-02","TestCart","test_cart_checkout","",""
"","4342","Filter by brand shows results","ui.tests","2026-10-02","passed","2026-10-02","TestProductsPage","test_products_ui","",""
"","4100","Loads and logo is visible","ui.tests","2026-10-02","passed","2026-10-02","TestHomePage","test_home","",""
"","4100","Footer subscription shows success message","ui.tests","2026-10-02","passed","2026-10-02","TestHomePage","test_home","",""
"","281","Search is case-insensitive: SHIRT","api.tests","2026-10-02","passed","2026-10-02","TestSearchProduct","test_search","",""
"","85","Valid credentials return 200","api.tests","2026-10-02","passed","2026-10-02","TestVerifyLogin","test_users","",""
"","356","Returns non-empty list","api.tests","2026-10-02","passed","2026-10-02","TestBrandsList","test_products","",""
"","117","Valid query returns results","api.tests","2026-10-02","passed","2026-10-02","TestSearchProduct","test_products","",""
"","533","Returns non-empty list","api.tests","2026-10-02","passed","2026-10-02","TestProductsList","test_products","",""
"","667","Search is case-insensitive: TOP","api.tests","2026-10-02","passed","2026-10-02","TestSearchProduct","test_search","",""
"","3974","Valid submission shows success message","ui.tests","2026-10-02","passed","2026-10-02","TestContactForm","test_contact_form","",""
"","9137","Checkout shows correct delivery address","ui.tests","2026-10-02","passed","2026-10-02","TestCheckout","test_cart_checkout","",""
"","11478","Registered user completes full checkout flow","ui.tests","2026-10-02","passed","2026-10-02","TestCheckout","test_cart_checkout","",""
"","5219","Filter by category shows results","ui.tests","2026-10-02","passed","2026-10-02","TestProductsPage","test_products_ui","",""
"","4556","Valid credentials show logged in state","ui.tests","2026-10-02","passed","2026-10-02","TestLogin","test_login","",""
"","210","Removes user successfully","api.tests","2026-10-02","passed","2026-10-02","TestDeleteAccount","test_users","",""
"","254","Search is case-insensitive: Dress","api.tests","2026-10-02","passed","2026-10-02","TestSearchProduct","test_search","",""
"","198","Creates new user successfully","api.tests","2026-10-02","passed","2026-10-02","TestCreateAccount","test_users","",""
